{
    "chi_VV_a0": [
        1.012632508376209,
        0.03860540592098019
    ],
    "chi_VV_a1": [
        -0.010551853455355122,
        0.02627281081534996
    ],
    "chi_VV_a2": [
        -0.01167320498849028,
        0.025578964123442093
    ],
    "chi_VV_a3": [
        0.001230332324750359,
        0.004394103580487317
    ],
    "chi_VV_a4": [
        0.0013906749717357784,
        0.0030553487099018806
    ]
}