{
    "costheta_D_a0": [
        0.9942361035119989,
        0.03355647609381067
    ],
    "costheta_D_a1": [
        -0.10154280714672229,
        0.10955812080557106
    ],
    "costheta_D_a2": [
        0.3606599592431502,
        0.3941562947706939
    ],
    "costheta_D_a3": [
        0.9341933612758583,
        0.41845692564339476
    ],
    "costheta_D_a4": [
        -0.9214153228500803,
        1.0874429952404305
    ],
    "costheta_D_a5": [
        -0.7015846641927785,
        0.3616248252444639
    ],
    "costheta_D_a6": [
        0.5203864573861767,
        0.7951039025718962
    ],
    "costheta_X_VV_a0": [
        1.227367220509326,
        0.02760537083208343
    ],
    "costheta_X_VV_a1": [
        0.7875956690564379,
        0.09802659432900779
    ],
    "costheta_X_VV_a2": [
        -1.4780461645052434,
        0.3399538785789641
    ],
    "costheta_X_VV_a3": [
        -0.64669139055136,
        0.402515946520789
    ],
    "costheta_X_VV_a4": [
        2.0999453518406446,
        0.9751887939394626
    ],
    "costheta_X_VV_a5": [
        0.6073805755632997,
        0.36451244609531946
    ],
    "costheta_X_VV_a6": [
        -1.3041361099976674,
        0.7353501362087678
    ]
}